[
    {
        "id": "1",
        "name_en": "NUTRITION CREAM",
        "name": "고혼진 뉴트리션 크림",
        "description": "새롭게 시작되는 피부의 품격\n피부를 매끄럽고 윤기 있게, 더 밝고 더 탄력 있게\n주름부터 미백까지 한번에 개선시키는 이중기능성 크림",
        "detail": "자연과 조화된 아름다움을 통해 피부에 특별한 가치를 전합니다. 순수한 자연의 에너지를 전달하며, 깊은 보습과 강력한 영양을 통해 건강하고 탄력 있는 피부를 완성합니다. 매일의 스킨케어 루틴에 특별함을 더해 줄 피부를 위한 예술적인 여정, 자연에서 온 순수함과 과학이 결합된 스킨케어 솔루션, 고혼진으로 빛나는 변화를 시작할 때",
        "img": "./images/thumb_product_img01.png",
        "keyword": ["이중크림","미백크림"]
    },
    {
        "id": "2",
        "name_en": "NUTRITION SKIN ESSENCE",
        "name": "고혼진 뉴트리션 스킨에센스",
        "description": "있는 그대로의 나를 사랑하는 것\n건조한 피부에 보습과 영양을 주어 촉촉하고\n윤기 있는 피부로 가꾸어 주는 ALL-IN-ONE 스킨에센스",
        "detail": "자연과 조화된 아름다움을 통해 피부에 특별한 가치를 전합니다. 순수한 자연의 에너지를 전달하며, 깊은 보습과 강력한 영양을 통해 건강하고 탄력 있는 피부를 완성합니다. 매일의 스킨케어 루틴에 특별함을 더해 줄 피부를 위한 예술적인 여정, 자연에서 온 순수함과 과학이 결합된 스킨케어 솔루션, 고혼진으로 빛나는 변화를 시작할 때",
        "img": "./images/thumb_product_img02.png",
        "keyword": ["스킨","에센스"]
    },
    {
        "id": "3",
        "name_en": "NUTRITION MASKPACK",
        "name": "고혼진 뉴트리션 마스크팩",
        "description": "한 장에 담은 매일의 작은 특별함\n내 피부인 듯 답답함 없이 초밀착하여\n 피부를 진정시켜주고\n 영양과 수분감을 피부 깊숙이 전달하여\n 피부에 생기를 불어넣어주는 마스크팩",
        "detail": "자연과 조화된 아름다움을 통해 피부에 특별한 가치를 전합니다. 순수한 자연의 에너지를 전달하며, 깊은 보습과 강력한 영양을 통해 건강하고 탄력 있는 피부를 완성합니다. 매일의 스킨케어 루틴에 특별함을 더해 줄 피부를 위한 예술적인 여정, 자연에서 온 순수함과 과학이 결합된 스킨케어 솔루션, 고혼진으로 빛나는 변화를 시작할 때",
        "img": "./images/thumb_product_img03.png",
        "keyword": ["마스크","팩"]
    },
    {
        "id": "4",
        "name_en": "SUNBLOCK",
        "name": "고혼진 선블록",
        "description": "분주한 일상에서 나를 되찾는 시간\n매일 발라도 가볍고 산뜻하게, 끈적임과 백탁 없이\n강력한 자외선으로부터 피부를 지켜주는 선블록",
        "detail": "자연과 조화된 아름다움을 통해 피부에 특별한 가치를 전합니다. 순수한 자연의 에너지를 전달하며, 깊은 보습과 강력한 영양을 통해 건강하고 탄력 있는 피부를 완성합니다. 매일의 스킨케어 루틴에 특별함을 더해 줄 피부를 위한 예술적인 여정, 자연에서 온 순수함과 과학이 결합된 스킨케어 솔루션, 고혼진으로 빛나는 변화를 시작할 때",
        "img": "./images/thumb_product_img04.png",
        "keyword": ["썬크림","썬블록","썬블럭","자외선"]
    },
    {
        "id": "5",
        "name_en": "DAILY DEEP CLEANSER",
        "name": "고혼진 데일리 딥 클렌저",
        "description": "지친 피부를 위한 하루의 마무리\n쫀쫀하고 풍성한 거품이 피부를 저자극으로 깨끗하게\n 세정해주어 예민한 피부도 안심하고 사용할 수 있는 클렌저",
        "detail": "자연과 조화된 아름다움을 통해 피부에 특별한 가치를 전합니다. 순수한 자연의 에너지를 전달하며, 깊은 보습과 강력한 영양을 통해 건강하고 탄력 있는 피부를 완성합니다. 매일의 스킨케어 루틴에 특별함을 더해 줄 피부를 위한 예술적인 여정, 자연에서 온 순수함과 과학이 결합된 스킨케어 솔루션, 고혼진으로 빛나는 변화를 시작할 때",
        "img": "./images/thumb_product_img05.png",
        "keyword": ["클렌징","딥클렌징"]
    },
    {
        "id": "6",
        "name_en": "FLEURKO AMPLE",
        "name": "고혼진 플레르코 앰플",
        "description": "더욱 더 새로워진 나를 발견할 수 있도록\n다양한 펩타이드 성분들이 피부를 섬세하게 자극하여\n 깊은 보습감을 주고 탄탄하고\n 건강하게 케어해주는 프리미엄 안티에이징 앰플",
        "detail": "자연과 조화된 아름다움을 통해 피부에 특별한 가치를 전합니다. 순수한 자연의 에너지를 전달하며, 깊은 보습과 강력한 영양을 통해 건강하고 탄력 있는 피부를 완성합니다. 매일의 스킨케어 루틴에 특별함을 더해 줄 피부를 위한 예술적인 여정, 자연에서 온 순수함과 과학이 결합된 스킨케어 솔루션, 고혼진으로 빛나는 변화를 시작할 때",
        "img": "./images/thumb_product_img06.png",
        "keyword": ["보습","앰플"]
    }
]